{"posicion":{"x":0.08245960623025894,"y":24.448843002319337,"z":-0.28818660974502566},"vida":500,"monedas":[],"enemigos":[],"posicionesMonedas":[]}